{"vegas": {"1": {"1": {"delay": 363.152, "loss": 0.003440471221559327, "tput": 14.553455234573834}, "all": {"delay": 363.152, "loss": 0.003440471221559327, "tput": 14.553455234573834}}}, "bbr": {"1": {"1": {"delay": 63.112, "loss": 0.0003927855696820304, "tput": 11.716677833470378}, "all": {"delay": 63.112, "loss": 0.0003927855696820304, "tput": 11.716677833470378}}}, "cubic": {"1": {"1": {"delay": 1300.615, "loss": 0.014140839471093347, "tput": 14.550337444345475}, "all": {"delay": 1300.615, "loss": 0.014140839471093347, "tput": 14.550337444345475}}}}