{"vegas": {"1": {"1": {"delay": 223.31, "loss": 0.007873219097280226, "tput": 6.149438460910759}, "all": {"delay": 223.31, "loss": 0.007873219097280226, "tput": 6.149438460910759}}}, "bbr": {"1": {"1": {"delay": 240.247, "loss": 0.0071376183087489276, "tput": 10.373763454988847}, "all": {"delay": 240.247, "loss": 0.0071376183087489276, "tput": 10.373763454988847}}}, "cubic": {"1": {"1": {"delay": 240.227, "loss": 0.006125450164006563, "tput": 13.52081348423008}, "all": {"delay": 240.227, "loss": 0.006125450164006563, "tput": 13.52081348423008}}}}